term_content,term_slug,term_title
"Facere quia molestiae eius magnam. Non eum omnis et deleniti suscipit nesciunt nihil quaerat. Autem nesciunt iure doloribus ut tempora perferendis dolorem optio. Labore minima odit nisi commodi.",tag-1,"Tag 1"
"Officia et quia ipsum asperiores. Unde facilis numquam est consequatur ut omnis ex.



Mollitia minus non quam. Non possimus itaque voluptatem non qui quisquam dolorem.",tag-2,"Tag 2"
"Eaque quia sint non et saepe ut. Quod dolore et reiciendis illo ratione modi ut quod. Labore dolores ut voluptatibus qui rem placeat consequatur.



Et aut veritatis ab repellat veritatis quam aut. Omnis soluta aut sed. Ipsum velit doloribus eaque velit reiciendis id aut.",tag-3,"Tag 3"
"Sit consequuntur eum omnis quo. Aliquid dolor voluptas facilis laborum.",tag-4,"Tag 4"
"Odio pariatur voluptatem nihil quaerat in officiis eius. Voluptatem necessitatibus qui unde reiciendis. Odit repellat est quo itaque.



Aut beatae exercitationem et error in doloribus aliquam consequatur. Quam sit et quia et iste et. Explicabo officia et autem facere cum deleniti neque.",tag-5,"Tag 5"
